[
  { "TripID": 100, "Country": "Egypt", "Type": "Desert", "TripDescription": "Tent Safari", "PricePerDay": 100 },
  { "TripID": 101, "Country": "Switzerland", "Type": "Mountains", "TripDescription": "Pool with mountain View", "PricePerDay": 150 },
  { "TripID": 102, "Country": "Italy", "Type": "Beach", "TripDescription": "All inclusive", "PricePerDay": 150 },
  { "TripID": 103, "Country": "Canada", "Type": "Mountains", "TripDescription": "Ski holiday", "PricePerDay": 200 },
  { "TripID": 104, "Country": "Iceland", "Type": "Vulcanic", "TripDescription": "trekking", "PricePerDay": 200 },
  { "TripID": 105, "Country": "Hawaii", "Type": "Beach", "TripDescription": "surfing", "PricePerDay": 300 },
  { "TripID": 106, "Country": "Finland", "Type": "Forest", "TripDescription": "huskey lodge", "PricePerDay": 220 },
  { "TripID": 107, "Country": "Sweden", "Type": "Lake ", "TripDescription": "house on a lake", "PricePerDay": 175 },
  { "TripID": 108, "Country": "USA", "Type": "Travel", "TripDescription": "endless opportunities", "PricePerDay": 350 },
  { "TripID": 109, "Country": "Aruba", "Type": "Beach", "TripDescription": "white beaches", "PricePerDay": 400 },
  { "TripID": 110, "Country": "USA", "Type": "Cruise", "TripDescription": "Alaska Cruise", "PricePerDay": 300 },
  { "TripID": 111, "Country": "Bali", "Type": "Beach", "TripDescription": "Paradise awaits", "PricePerDay": 300 },
  { "TripID": 112, "Country": "New Zealand", "Type": "Mountains", "TripDescription": "Trekking", "PricePerDay": 300 },
  { "TripID": 113, "Country": "Mexico", "Type": "Beach", "TripDescription": "Sombrero and Tequilla", "PricePerDay": 250 },
  { "TripID": 114, "Country": "Peru", "Type": "Mountains", "TripDescription": "visit Manchu Pichu", "PricePerDay": 300 },
  { "TripID": 115, "Country": "Cuba", "Type": "Beach", "TripDescription": "Viva la revolucion", "PricePerDay": 275 },
  { "TripID": 116, "Country": "Canada", "Type": "Sport", "TripDescription": "Hockey nation", "PricePerDay": 300 },
  { "TripID": 117, "Country": "Switzerland", "Type": "Sport", "TripDescription": "Heliskiing and more", "PricePerDay": 400 },
  { "TripID": 118, "Country": "Australia", "Type": "Beach", "TripDescription": "down under", "PricePerDay": 400 },
  { "TripID": 119, "Country": "Antarctica", "Type": "Winter", "TripDescription": "snow and ice", "PricePerDay": 350 },
  { "TripID": 120, "Country": "Austria", "Type": "Mountains", "TripDescription": "Alps and more", "PricePerDay": 200 },
  { "TripID": 121, "Country": "Germany", "Type": "seightseeing", "TripDescription": "culture and beer", "PricePerDay": 150 },
  { "TripID": 122, "Country": "Czech Republic", "Type": "seightseeing", "TripDescription": "bridges and castels", "PricePerDay": 105 },
  { "TripID": 123, "Country": "Kenia", "Type": "Mountains", "TripDescription": "climb Kilimanjaro", "PricePerDay": 250 },
  { "TripID": 124, "Country": "Spain", "Type": "Beach", "TripDescription": "Beaches and historic cities", "PricePerDay": 175 },
  { "TripID": 125, "Country": "Italy", "Type": "sighseeing", "TripDescription": "Pisa and Pizza", "PricePerDay": 125 },
  { "TripID": 126, "Country": "Canada", "Type": "Sport", "TripDescription": "hike and bike", "PricePerDay": 275 },
  { "TripID": 127, "Country": "Jamaica", "Type": "Beach", "TripDescription": "sun, fun and reagge", "PricePerDay": 300 },
  { "TripID": 128, "Country": "Scotland", "Type": "Travel", "TripDescription": "wiskey and castels ", "PricePerDay": 175 },
  { "TripID": 129, "Country": "Ireland", "Type": "Travel", "TripDescription": "country of goblins", "PricePerDay": 150 },
  { "TripID": 130, "Country": "South Africa", "Type": "Beach", "TripDescription": "visit the cape of good hope", "PricePerDay": 250 },
  { "TripID": 131, "Country": "Russia", "Type": "Travel", "TripDescription": "Moskau and St. Peterburg", "PricePerDay": 300 },
  { "TripID": 132, "Country": "France", "Type": "sighseeing", "TripDescription": "Paris", "PricePerDay": 150 },
  { "TripID": 133, "Country": "Spain", "Type": "sighseeing", "TripDescription": "historic cities", "PricePerDay": 200 },
  { "TripID": 134, "Country": "Fidji", "Type": "Beach", "TripDescription": "clear water", "PricePerDay": 150 },
  { "TripID": 135, "Country": "Dubai", "Type": "Desert", "TripDescription": "skyscraper in the desert", "PricePerDay": 400 },
  { "TripID": 136, "Country": "USA", "Type": "sighseeing", "TripDescription": "Grand Canyon and Las Vegas", "PricePerDay": 450 },
  { "TripID": 137, "Country": "Marocco", "Type": "Travel", "TripDescription": "Casablanca", "PricePerDay": 220 },
  { "TripID": 138, "Country": "Egypt", "Type": "sighseeing", "TripDescription": "Great Pyramids", "PricePerDay": 200 },
  { "TripID": 139, "Country": "China", "Type": "sighseeing", "TripDescription": "The Great Wall", "PricePerDay": 300 },
  { "TripID": 140, "Country": "Japan", "Type": "Mountains", "TripDescription": "skiing in Nagano", "PricePerDay": 350 },
  { "TripID": 141, "Country": "Japan", "Type": "Travel", "TripDescription": "Tokio by night", "PricePerDay": 300 },
  { "TripID": 142, "Country": "Thailand", "Type": "Beach", "TripDescription": "Kosa Mui", "PricePerDay": 250 },
  { "TripID": 143, "Country": "Vietnam", "Type": "Travel", "TripDescription": "Vietnam by train", "PricePerDay": 250 },
  { "TripID": 144, "Country": "Panama", "Type": "Travel", "TripDescription": "Central America", "PricePerDay": 300 },
  { "TripID": 145, "Country": "Tunesia", "Type": "Desert", "TripDescription": "Desert and beaches", "PricePerDay": 150 },
  { "TripID": 146, "Country": "Germany", "Type": "Travel", "TripDescription": "historic East Germany ", "PricePerDay": 150 },
  { "TripID": 147, "Country": "Austria", "Type": "Travel", "TripDescription": "Food and culture", "PricePerDay": 200 },
  { "TripID": 148, "Country": "Norway", "Type": "Travel", "TripDescription": "Fjords and water", "PricePerDay": 200 },
  { "TripID": 149, "Country": "Faroe Island", "Type": "Travel", "TripDescription": "windy weather", "PricePerDay": 250 },
  { "TripID": 150, "Country": "USA", "Type": "Travel", "TripDescription": "california from north to south", "PricePerDay": 350 }
]